"Year","Gender","Age_at_Diagnosis","Geography_code","Geography_name","ICD10_code","Site_description","Count","Type_of_rate","Rate","LCI","UCI","Flag"
2001,"Female","20 to 24","E92000001","England","C00-C97","All malignant cancers",61,"Age-specific",4.1,3.1,5.3,""
2001,"Female","25 to 29","E92000001","England","C00-C97","All malignant cancers",128,"Age-specific",7.7,6.4,9.2,""
2001,"Female","30 to 34","E92000001","England","C00-C97","All malignant cancers",298,"Age-specific",15.4,13.7,17.3,""
2001,"Female","35 to 39","E92000001","England","C00-C97","All malignant cancers",583,"Age-specific",29.5,27.2,32,""
2001,"Female","40 to 44","E92000001","England","C00-C97","All malignant cancers",892,"Age-specific",50.9,47.6,54.3,""
2001,"Female","45 to 49","E92000001","England","C00-C97","All malignant cancers",1486,"Age-specific",94.3,89.5,99.2,""
2001,"Female","50 to 54","E92000001","England","C00-C97","All malignant cancers",2887,"Age-specific",170.2,164,176.5,""
2001,"Female","55 to 59","E92000001","England","C00-C97","All malignant cancers",3718,"Age-specific",260.1,251.8,268.6,""
2001,"Female","60 to 64","E92000001","England","C00-C97","All malignant cancers",4678,"Age-specific",383.7,372.8,394.9,""
2001,"Female","65 to 69","E92000001","England","C00-C97","All malignant cancers",6102,"Age-specific",544,530.4,557.8,""
2001,"Female","70 to 74","E92000001","England","C00-C97","All malignant cancers",8622,"Age-specific",810.8,793.8,828.1,""
2001,"Female","75 to 79","E92000001","England","C00-C97","All malignant cancers",10292,"Age-specific",1075.9,1055.2,1096.9,""
2001,"Female","80 to 84","E92000001","England","C00-C97","All malignant cancers",9289,"Age-specific",1318.8,1292.1,1345.9,""
2001,"Female","85 to 89","E92000001","England","C00-C97","All malignant cancers",7301,"Age-specific",1644.2,1606.7,1682.3,""
2001,"Female","90 and over","E92000001","England","C00-C97","All malignant cancers",4615,"Age-specific",1862.8,1809.4,1917.3,""
2002,"Female","20 to 24","E92000001","England","C00-C97","All malignant cancers",50,"Age-specific",3.3,2.4,4.3,""
2002,"Female","25 to 29","E92000001","England","C00-C97","All malignant cancers",115,"Age-specific",7.2,5.9,8.6,""
2002,"Female","30 to 34","E92000001","England","C00-C97","All malignant cancers",288,"Age-specific",15.1,13.4,16.9,""
2002,"Female","35 to 39","E92000001","England","C00-C97","All malignant cancers",546,"Age-specific",27.4,25.1,29.8,""
2002,"Female","40 to 44","E92000001","England","C00-C97","All malignant cancers",922,"Age-specific",51.1,47.9,54.6,""
2002,"Female","45 to 49","E92000001","England","C00-C97","All malignant cancers",1518,"Age-specific",95.3,90.5,100.2,""
2002,"Female","50 to 54","E92000001","England","C00-C97","All malignant cancers",2628,"Age-specific",161.6,155.5,167.9,""
2002,"Female","55 to 59","E92000001","England","C00-C97","All malignant cancers",3926,"Age-specific",254,246.1,262.1,""
2002,"Female","60 to 64","E92000001","England","C00-C97","All malignant cancers",4730,"Age-specific",387.2,376.2,398.4,""
2002,"Female","65 to 69","E92000001","England","C00-C97","All malignant cancers",6095,"Age-specific",540.9,527.4,554.7,""
2002,"Female","70 to 74","E92000001","England","C00-C97","All malignant cancers",8432,"Age-specific",796.3,779.3,813.4,""
2002,"Female","75 to 79","E92000001","England","C00-C97","All malignant cancers",10236,"Age-specific",1092.6,1071.5,1114,""
2002,"Female","80 to 84","E92000001","England","C00-C97","All malignant cancers",9834,"Age-specific",1334.7,1308.5,1361.4,""
2002,"Female","85 to 89","E92000001","England","C00-C97","All malignant cancers",7272,"Age-specific",1681.8,1643.3,1720.9,""
2002,"Female","90 and over","E92000001","England","C00-C97","All malignant cancers",4871,"Age-specific",1918,1864.6,1972.7,""
2003,"Female","20 to 24","E92000001","England","C00-C97","All malignant cancers",73,"Age-specific",4.7,3.7,5.9,""
2003,"Female","25 to 29","E92000001","England","C00-C97","All malignant cancers",114,"Age-specific",7.3,6,8.7,""
2003,"Female","30 to 34","E92000001","England","C00-C97","All malignant cancers",271,"Age-specific",14.4,12.8,16.3,""
2003,"Female","35 to 39","E92000001","England","C00-C97","All malignant cancers",494,"Age-specific",24.8,22.7,27.1,""
2003,"Female","40 to 44","E92000001","England","C00-C97","All malignant cancers",896,"Age-specific",48.4,45.3,51.7,""
2003,"Female","45 to 49","E92000001","England","C00-C97","All malignant cancers",1500,"Age-specific",92.4,87.8,97.2,""
2003,"Female","50 to 54","E92000001","England","C00-C97","All malignant cancers",2528,"Age-specific",160.6,154.4,167,""
2003,"Female","55 to 59","E92000001","England","C00-C97","All malignant cancers",3881,"Age-specific",241.1,233.6,248.8,""
2003,"Female","60 to 64","E92000001","England","C00-C97","All malignant cancers",4685,"Age-specific",375.9,365.2,386.8,""
2003,"Female","65 to 69","E92000001","England","C00-C97","All malignant cancers",6075,"Age-specific",532.6,519.3,546.2,""
2003,"Female","70 to 74","E92000001","England","C00-C97","All malignant cancers",8218,"Age-specific",779.7,762.9,796.7,""
2003,"Female","75 to 79","E92000001","England","C00-C97","All malignant cancers",9909,"Age-specific",1072.7,1051.7,1094.1,""
2003,"Female","80 to 84","E92000001","England","C00-C97","All malignant cancers",10407,"Age-specific",1353.7,1327.8,1380,""
2003,"Female","85 to 89","E92000001","England","C00-C97","All malignant cancers",6866,"Age-specific",1679,1639.6,1719.2,""
2003,"Female","90 and over","E92000001","England","C00-C97","All malignant cancers",4910,"Age-specific",1892.4,1839.8,1946.1,""
2004,"Female","20 to 24","E92000001","England","C00-C97","All malignant cancers",76,"Age-specific",4.8,3.8,6,""
2004,"Female","25 to 29","E92000001","England","C00-C97","All malignant cancers",112,"Age-specific",7.1,5.8,8.5,""
2004,"Female","30 to 34","E92000001","England","C00-C97","All malignant cancers",261,"Age-specific",14.3,12.6,16.2,""
2004,"Female","35 to 39","E92000001","England","C00-C97","All malignant cancers",515,"Age-specific",25.9,23.7,28.3,""
2004,"Female","40 to 44","E92000001","England","C00-C97","All malignant cancers",921,"Age-specific",48.5,45.4,51.7,""
2004,"Female","45 to 49","E92000001","England","C00-C97","All malignant cancers",1468,"Age-specific",88.9,84.4,93.5,""
2004,"Female","50 to 54","E92000001","England","C00-C97","All malignant cancers",2384,"Age-specific",153.6,147.5,159.9,""
2004,"Female","55 to 59","E92000001","England","C00-C97","All malignant cancers",4000,"Age-specific",244.2,236.7,251.9,""
2004,"Female","60 to 64","E92000001","England","C00-C97","All malignant cancers",4769,"Age-specific",372.5,362.1,383.3,""
2004,"Female","65 to 69","E92000001","England","C00-C97","All malignant cancers",6260,"Age-specific",541.1,527.8,554.7,""
2004,"Female","70 to 74","E92000001","England","C00-C97","All malignant cancers",7913,"Age-specific",758.1,741.5,775,""
2004,"Female","75 to 79","E92000001","England","C00-C97","All malignant cancers",9596,"Age-specific",1045.5,1024.7,1066.6,""
2004,"Female","80 to 84","E92000001","England","C00-C97","All malignant cancers",10242,"Age-specific",1312,1286.7,1337.7,""
2004,"Female","85 to 89","E92000001","England","C00-C97","All malignant cancers",6443,"Age-specific",1604.3,1565.4,1644,""
2004,"Female","90 and over","E92000001","England","C00-C97","All malignant cancers",5003,"Age-specific",1897,1844.8,1950.3,""
2005,"Female","20 to 24","E92000001","England","C00-C97","All malignant cancers",68,"Age-specific",4.1,3.2,5.3,""
2005,"Female","25 to 29","E92000001","England","C00-C97","All malignant cancers",101,"Age-specific",6.2,5,7.5,""
2005,"Female","30 to 34","E92000001","England","C00-C97","All malignant cancers",240,"Age-specific",13.4,11.8,15.2,""
2005,"Female","35 to 39","E92000001","England","C00-C97","All malignant cancers",504,"Age-specific",25.7,23.5,28,""
2005,"Female","40 to 44","E92000001","England","C00-C97","All malignant cancers",943,"Age-specific",48.4,45.4,51.6,""
2005,"Female","45 to 49","E92000001","England","C00-C97","All malignant cancers",1445,"Age-specific",85.3,81,89.8,""
2005,"Female","50 to 54","E92000001","England","C00-C97","All malignant cancers",2355,"Age-specific",153,146.8,159.3,""
2005,"Female","55 to 59","E92000001","England","C00-C97","All malignant cancers",4073,"Age-specific",246.5,239,254.2,""
2005,"Female","60 to 64","E92000001","England","C00-C97","All malignant cancers",4777,"Age-specific",362.4,352.2,372.9,""
2005,"Female","65 to 69","E92000001","England","C00-C97","All malignant cancers",6282,"Age-specific",539.4,526.1,552.9,""
2005,"Female","70 to 74","E92000001","England","C00-C97","All malignant cancers",7732,"Age-specific",745.6,729,762.4,""
2005,"Female","75 to 79","E92000001","England","C00-C97","All malignant cancers",9751,"Age-specific",1061.3,1040.4,1082.6,""
2005,"Female","80 to 84","E92000001","England","C00-C97","All malignant cancers",10193,"Age-specific",1337.7,1311.8,1363.9,""
2005,"Female","85 to 89","E92000001","England","C00-C97","All malignant cancers",6813,"Age-specific",1601.1,1563.3,1639.5,""
2005,"Female","90 and over","E92000001","England","C00-C97","All malignant cancers",5042,"Age-specific",1881.9,1830.3,1934.6,""
2006,"Female","20 to 24","E92000001","England","C00-C97","All malignant cancers",53,"Age-specific",3.2,2.4,4.1,""
2006,"Female","25 to 29","E92000001","England","C00-C97","All malignant cancers",101,"Age-specific",6,4.9,7.3,""
2006,"Female","30 to 34","E92000001","England","C00-C97","All malignant cancers",212,"Age-specific",12.2,10.6,13.9,""
2006,"Female","35 to 39","E92000001","England","C00-C97","All malignant cancers",512,"Age-specific",26.2,24,28.6,""
2006,"Female","40 to 44","E92000001","England","C00-C97","All malignant cancers",910,"Age-specific",46.1,43.1,49.2,""
2006,"Female","45 to 49","E92000001","England","C00-C97","All malignant cancers",1458,"Age-specific",83.8,79.5,88.2,""
2006,"Female","50 to 54","E92000001","England","C00-C97","All malignant cancers",2264,"Age-specific",146.4,140.4,152.5,""
2006,"Female","55 to 59","E92000001","England","C00-C97","All malignant cancers",4023,"Age-specific",243.2,235.7,250.8,""
2006,"Female","60 to 64","E92000001","England","C00-C97","All malignant cancers",4987,"Age-specific",362.9,352.9,373.1,""
2006,"Female","65 to 69","E92000001","England","C00-C97","All malignant cancers",6147,"Age-specific",534,520.7,547.5,""
2006,"Female","70 to 74","E92000001","England","C00-C97","All malignant cancers",7555,"Age-specific",731.7,715.3,748.4,""
2006,"Female","75 to 79","E92000001","England","C00-C97","All malignant cancers",9616,"Age-specific",1044.3,1023.5,1065.4,""
2006,"Female","80 to 84","E92000001","England","C00-C97","All malignant cancers",10035,"Age-specific",1350.6,1324.3,1377.3,""
2006,"Female","85 to 89","E92000001","England","C00-C97","All malignant cancers",7367,"Age-specific",1612,1575.4,1649.2,""
2006,"Female","90 and over","E92000001","England","C00-C97","All malignant cancers",5002,"Age-specific",1864.6,1813.3,1917,""
2007,"Female","20 to 24","E92000001","England","C00-C97","All malignant cancers",79,"Age-specific",4.6,3.7,5.8,""
2007,"Female","25 to 29","E92000001","England","C00-C97","All malignant cancers",121,"Age-specific",7,5.8,8.3,""
2007,"Female","30 to 34","E92000001","England","C00-C97","All malignant cancers",210,"Age-specific",12.4,10.8,14.2,""
2007,"Female","35 to 39","E92000001","England","C00-C97","All malignant cancers",500,"Age-specific",25.8,23.6,28.2,""
2007,"Female","40 to 44","E92000001","England","C00-C97","All malignant cancers",940,"Age-specific",47.1,44.1,50.2,""
2007,"Female","45 to 49","E92000001","England","C00-C97","All malignant cancers",1520,"Age-specific",84.9,80.7,89.3,""
2007,"Female","50 to 54","E92000001","England","C00-C97","All malignant cancers",2264,"Age-specific",144.5,138.6,150.6,""
2007,"Female","55 to 59","E92000001","England","C00-C97","All malignant cancers",3739,"Age-specific",236.5,229,244.2,""
2007,"Female","60 to 64","E92000001","England","C00-C97","All malignant cancers",5404,"Age-specific",363.2,353.6,373,""
2007,"Female","65 to 69","E92000001","England","C00-C97","All malignant cancers",6089,"Age-specific",527.9,514.7,541.3,""
2007,"Female","70 to 74","E92000001","England","C00-C97","All malignant cancers",7613,"Age-specific",733.9,717.5,750.6,""
2007,"Female","75 to 79","E92000001","England","C00-C97","All malignant cancers",9440,"Age-specific",1024.3,1003.7,1045.1,""
2007,"Female","80 to 84","E92000001","England","C00-C97","All malignant cancers",10095,"Age-specific",1379.1,1352.3,1406.3,""
2007,"Female","85 to 89","E92000001","England","C00-C97","All malignant cancers",7843,"Age-specific",1626,1590.2,1662.4,""
2007,"Female","90 and over","E92000001","England","C00-C97","All malignant cancers",5180,"Age-specific",1937,1884.6,1990.5,""
2008,"Female","20 to 24","E92000001","England","C00-C97","All malignant cancers",57,"Age-specific",3.3,2.5,4.3,""
2008,"Female","25 to 29","E92000001","England","C00-C97","All malignant cancers",124,"Age-specific",7,5.8,8.3,""
2008,"Female","30 to 34","E92000001","England","C00-C97","All malignant cancers",214,"Age-specific",12.8,11.2,14.7,""
2008,"Female","35 to 39","E92000001","England","C00-C97","All malignant cancers",466,"Age-specific",24.4,22.3,26.8,""
2008,"Female","40 to 44","E92000001","England","C00-C97","All malignant cancers",953,"Age-specific",47.9,44.9,51,""
2008,"Female","45 to 49","E92000001","England","C00-C97","All malignant cancers",1495,"Age-specific",81.3,77.2,85.5,""
2008,"Female","50 to 54","E92000001","England","C00-C97","All malignant cancers",2277,"Age-specific",142.6,136.8,148.6,""
2008,"Female","55 to 59","E92000001","England","C00-C97","All malignant cancers",3509,"Age-specific",228.8,221.3,236.5,""
2008,"Female","60 to 64","E92000001","England","C00-C97","All malignant cancers",5554,"Age-specific",357.3,348,366.8,""
2008,"Female","65 to 69","E92000001","England","C00-C97","All malignant cancers",6222,"Age-specific",527.5,514.5,540.8,""
2008,"Female","70 to 74","E92000001","England","C00-C97","All malignant cancers",7698,"Age-specific",731.1,714.9,747.6,""
2008,"Female","75 to 79","E92000001","England","C00-C97","All malignant cancers",9355,"Age-specific",1016.3,995.8,1037.1,""
2008,"Female","80 to 84","E92000001","England","C00-C97","All malignant cancers",9957,"Age-specific",1371.6,1344.8,1398.8,""
2008,"Female","85 to 89","E92000001","England","C00-C97","All malignant cancers",8528,"Age-specific",1686,1650.4,1722.2,""
2008,"Female","90 and over","E92000001","England","C00-C97","All malignant cancers",4964,"Age-specific",1917.5,1864.5,1971.6,""
2009,"Female","20 to 24","E92000001","England","C00-C97","All malignant cancers",64,"Age-specific",3.7,2.8,4.7,""
2009,"Female","25 to 29","E92000001","England","C00-C97","All malignant cancers",100,"Age-specific",5.5,4.5,6.7,""
2009,"Female","30 to 34","E92000001","England","C00-C97","All malignant cancers",196,"Age-specific",11.7,10.1,13.4,""
2009,"Female","35 to 39","E92000001","England","C00-C97","All malignant cancers",421,"Age-specific",22.6,20.5,24.8,""
2009,"Female","40 to 44","E92000001","England","C00-C97","All malignant cancers",881,"Age-specific",44.3,41.5,47.4,""
2009,"Female","45 to 49","E92000001","England","C00-C97","All malignant cancers",1446,"Age-specific",76.5,72.6,80.6,""
2009,"Female","50 to 54","E92000001","England","C00-C97","All malignant cancers",2252,"Age-specific",138.2,132.5,144,""
2009,"Female","55 to 59","E92000001","England","C00-C97","All malignant cancers",3473,"Age-specific",228.8,221.2,236.5,""
2009,"Female","60 to 64","E92000001","England","C00-C97","All malignant cancers",5407,"Age-specific",341.3,332.3,350.6,""
2009,"Female","65 to 69","E92000001","England","C00-C97","All malignant cancers",6190,"Age-specific",508.6,496,521.4,""
2009,"Female","70 to 74","E92000001","England","C00-C97","All malignant cancers",7849,"Age-specific",733.5,717.3,749.9,""
2009,"Female","75 to 79","E92000001","England","C00-C97","All malignant cancers",9148,"Age-specific",998.5,978.1,1019.2,""
2009,"Female","80 to 84","E92000001","England","C00-C97","All malignant cancers",9656,"Age-specific",1329.8,1303.4,1356.6,""
2009,"Female","85 to 89","E92000001","England","C00-C97","All malignant cancers",8617,"Age-specific",1685.9,1650.5,1721.9,""
2009,"Female","90 and over","E92000001","England","C00-C97","All malignant cancers",4909,"Age-specific",1851.5,1800,1904,""
2010,"Female","20 to 24","E92000001","England","C00-C97","All malignant cancers",54,"Age-specific",3.1,2.3,4,""
2010,"Female","25 to 29","E92000001","England","C00-C97","All malignant cancers",116,"Age-specific",6.4,5.3,7.6,""
2010,"Female","30 to 34","E92000001","England","C00-C97","All malignant cancers",198,"Age-specific",11.5,10,13.3,""
2010,"Female","35 to 39","E92000001","England","C00-C97","All malignant cancers",431,"Age-specific",23.6,21.4,25.9,""
2010,"Female","40 to 44","E92000001","England","C00-C97","All malignant cancers",879,"Age-specific",44.7,41.8,47.7,""
2010,"Female","45 to 49","E92000001","England","C00-C97","All malignant cancers",1458,"Age-specific",75.3,71.5,79.3,""
2010,"Female","50 to 54","E92000001","England","C00-C97","All malignant cancers",2234,"Age-specific",133.6,128.1,139.3,""
2010,"Female","55 to 59","E92000001","England","C00-C97","All malignant cancers",3378,"Age-specific",223.9,216.4,231.6,""
2010,"Female","60 to 64","E92000001","England","C00-C97","All malignant cancers",5459,"Age-specific",340.3,331.4,349.5,""
2010,"Female","65 to 69","E92000001","England","C00-C97","All malignant cancers",6189,"Age-specific",492.2,480,504.6,""
2010,"Female","70 to 74","E92000001","England","C00-C97","All malignant cancers",7782,"Age-specific",721.6,705.6,737.8,""
2010,"Female","75 to 79","E92000001","England","C00-C97","All malignant cancers",9100,"Age-specific",994.3,974,1015,""
2010,"Female","80 to 84","E92000001","England","C00-C97","All malignant cancers",9904,"Age-specific",1350.3,1323.8,1377.2,""
2010,"Female","85 to 89","E92000001","England","C00-C97","All malignant cancers",8688,"Age-specific",1710.1,1674.3,1746.5,""
2010,"Female","90 and over","E92000001","England","C00-C97","All malignant cancers",5285,"Age-specific",1869.1,1819,1920.2,""
2011,"Female","20 to 24","E92000001","England","C00-C97","All malignant cancers",72,"Age-specific",4,3.2,5.1,""
2011,"Female","25 to 29","E92000001","England","C00-C97","All malignant cancers",137,"Age-specific",7.5,6.3,8.8,""
2011,"Female","30 to 34","E92000001","England","C00-C97","All malignant cancers",227,"Age-specific",12.9,11.2,14.7,""
2011,"Female","35 to 39","E92000001","England","C00-C97","All malignant cancers",382,"Age-specific",21.6,19.5,23.9,""
2011,"Female","40 to 44","E92000001","England","C00-C97","All malignant cancers",836,"Age-specific",42.7,39.8,45.7,""
2011,"Female","45 to 49","E92000001","England","C00-C97","All malignant cancers",1489,"Age-specific",75.7,71.9,79.7,""
2011,"Female","50 to 54","E92000001","England","C00-C97","All malignant cancers",2317,"Age-specific",134.4,129,140,""
2011,"Female","55 to 59","E92000001","England","C00-C97","All malignant cancers",3297,"Age-specific",217.1,209.7,224.6,""
2011,"Female","60 to 64","E92000001","England","C00-C97","All malignant cancers",5522,"Age-specific",342.9,333.9,352.1,""
2011,"Female","65 to 69","E92000001","England","C00-C97","All malignant cancers",6717,"Age-specific",510.8,498.7,523.2,""
2011,"Female","70 to 74","E92000001","England","C00-C97","All malignant cancers",7655,"Age-specific",714.8,698.8,731,""
2011,"Female","75 to 79","E92000001","England","C00-C97","All malignant cancers",8946,"Age-specific",975.4,955.2,995.8,""
2011,"Female","80 to 84","E92000001","England","C00-C97","All malignant cancers",9818,"Age-specific",1323.8,1297.7,1350.2,""
2011,"Female","85 to 89","E92000001","England","C00-C97","All malignant cancers",8590,"Age-specific",1715.3,1679.2,1751.9,""
2011,"Female","90 and over","E92000001","England","C00-C97","All malignant cancers",5992,"Age-specific",1980.1,1930.3,2030.9,""
2012,"Female","20 to 24","E92000001","England","C00-C97","All malignant cancers",56,"Age-specific",3.1,2.4,4.1,""
2012,"Female","25 to 29","E92000001","England","C00-C97","All malignant cancers",118,"Age-specific",6.4,5.3,7.7,""
2012,"Female","30 to 34","E92000001","England","C00-C97","All malignant cancers",244,"Age-specific",13.5,11.8,15.3,""
2012,"Female","35 to 39","E92000001","England","C00-C97","All malignant cancers",382,"Age-specific",22.3,20.1,24.6,""
2012,"Female","40 to 44","E92000001","England","C00-C97","All malignant cancers",816,"Age-specific",42,39.2,45,""
2012,"Female","45 to 49","E92000001","England","C00-C97","All malignant cancers",1562,"Age-specific",78.8,74.9,82.8,""
2012,"Female","50 to 54","E92000001","England","C00-C97","All malignant cancers",2358,"Age-specific",132.8,127.5,138.3,""
2012,"Female","55 to 59","E92000001","England","C00-C97","All malignant cancers",3404,"Age-specific",220.5,213.1,228,""
2012,"Female","60 to 64","E92000001","England","C00-C97","All malignant cancers",5148,"Age-specific",335,325.9,344.3,""
2012,"Female","65 to 69","E92000001","England","C00-C97","All malignant cancers",6920,"Age-specific",482.8,471.4,494.3,""
2012,"Female","70 to 74","E92000001","England","C00-C97","All malignant cancers",7723,"Age-specific",715.2,699.3,731.3,""
2012,"Female","75 to 79","E92000001","England","C00-C97","All malignant cancers",9023,"Age-specific",973.3,953.3,993.6,""
2012,"Female","80 to 84","E92000001","England","C00-C97","All malignant cancers",10002,"Age-specific",1335.1,1309.1,1361.5,""
2012,"Female","85 to 89","E92000001","England","C00-C97","All malignant cancers",8590,"Age-specific",1728.4,1692.1,1765.4,""
2012,"Female","90 and over","E92000001","England","C00-C97","All malignant cancers",6223,"Age-specific",1964.1,1915.6,2013.5,""
2013,"Female","20 to 24","E92000001","England","C00-C97","All malignant cancers",71,"Age-specific",4,3.1,5,""
2013,"Female","25 to 29","E92000001","England","C00-C97","All malignant cancers",123,"Age-specific",6.7,5.5,8,""
2013,"Female","30 to 34","E92000001","England","C00-C97","All malignant cancers",243,"Age-specific",13.1,11.5,14.9,""
2013,"Female","35 to 39","E92000001","England","C00-C97","All malignant cancers",391,"Age-specific",23.2,20.9,25.6,""
2013,"Female","40 to 44","E92000001","England","C00-C97","All malignant cancers",816,"Age-specific",42.7,39.8,45.7,""
2013,"Female","45 to 49","E92000001","England","C00-C97","All malignant cancers",1425,"Age-specific",71.7,68.1,75.6,""
2013,"Female","50 to 54","E92000001","England","C00-C97","All malignant cancers",2260,"Age-specific",123.9,118.8,129.1,""
2013,"Female","55 to 59","E92000001","England","C00-C97","All malignant cancers",3267,"Age-specific",207.5,200.4,214.7,""
2013,"Female","60 to 64","E92000001","England","C00-C97","All malignant cancers",4862,"Age-specific",324.2,315.1,333.4,""
2013,"Female","65 to 69","E92000001","England","C00-C97","All malignant cancers",7285,"Age-specific",486.3,475.2,497.6,""
2013,"Female","70 to 74","E92000001","England","C00-C97","All malignant cancers",7781,"Age-specific",703,687.5,718.8,""
2013,"Female","75 to 79","E92000001","England","C00-C97","All malignant cancers",9076,"Age-specific",960.9,941.2,980.9,""
2013,"Female","80 to 84","E92000001","England","C00-C97","All malignant cancers",9989,"Age-specific",1329.9,1303.9,1356.2,""
2013,"Female","85 to 89","E92000001","England","C00-C97","All malignant cancers",8297,"Age-specific",1674.3,1638.5,1710.7,""
2013,"Female","90 and over","E92000001","England","C00-C97","All malignant cancers",6395,"Age-specific",1979.3,1931.1,2028.4,""
2014,"Female","20 to 24","E92000001","England","C00-C97","All malignant cancers",58,"Age-specific",3.3,2.5,4.2,""
2014,"Female","25 to 29","E92000001","England","C00-C97","All malignant cancers",145,"Age-specific",7.8,6.6,9.2,""
2014,"Female","30 to 34","E92000001","England","C00-C97","All malignant cancers",250,"Age-specific",13.4,11.8,15.2,""
2014,"Female","35 to 39","E92000001","England","C00-C97","All malignant cancers",380,"Age-specific",22.3,20.1,24.7,""
2014,"Female","40 to 44","E92000001","England","C00-C97","All malignant cancers",800,"Age-specific",42.8,39.9,45.9,""
2014,"Female","45 to 49","E92000001","England","C00-C97","All malignant cancers",1431,"Age-specific",72.2,68.5,76,""
2014,"Female","50 to 54","E92000001","England","C00-C97","All malignant cancers",2294,"Age-specific",122.2,117.2,127.3,""
2014,"Female","55 to 59","E92000001","England","C00-C97","All malignant cancers",3213,"Age-specific",199.5,192.7,206.5,""
2014,"Female","60 to 64","E92000001","England","C00-C97","All malignant cancers",4753,"Age-specific",319.5,310.4,328.7,""
2014,"Female","65 to 69","E92000001","England","C00-C97","All malignant cancers",7096,"Age-specific",464.1,453.4,475.1,""
2014,"Female","70 to 74","E92000001","England","C00-C97","All malignant cancers",7982,"Age-specific",696,680.8,711.4,""
2014,"Female","75 to 79","E92000001","England","C00-C97","All malignant cancers",9173,"Age-specific",951,931.6,970.6,""
2014,"Female","80 to 84","E92000001","England","C00-C97","All malignant cancers",9937,"Age-specific",1318.3,1292.5,1344.5,""
2014,"Female","85 to 89","E92000001","England","C00-C97","All malignant cancers",8629,"Age-specific",1718.5,1682.5,1755.2,""
2014,"Female","90 and over","E92000001","England","C00-C97","All malignant cancers",6634,"Age-specific",1981.2,1933.9,2029.5,""
2015,"Female","20 to 24","E92000001","England","C00-C97","All malignant cancers",58,"Age-specific",3.3,2.5,4.3,""
2015,"Female","25 to 29","E92000001","England","C00-C97","All malignant cancers",129,"Age-specific",6.9,5.8,8.2,""
2015,"Female","30 to 34","E92000001","England","C00-C97","All malignant cancers",230,"Age-specific",12.3,10.8,14,""
2015,"Female","35 to 39","E92000001","England","C00-C97","All malignant cancers",424,"Age-specific",24.4,22.1,26.8,""
2015,"Female","40 to 44","E92000001","England","C00-C97","All malignant cancers",719,"Age-specific",39.3,36.4,42.2,""
2015,"Female","45 to 49","E92000001","England","C00-C97","All malignant cancers",1430,"Age-specific",72.7,69,76.5,""
2015,"Female","50 to 54","E92000001","England","C00-C97","All malignant cancers",2352,"Age-specific",122,117.1,127,""
2015,"Female","55 to 59","E92000001","England","C00-C97","All malignant cancers",3270,"Age-specific",197.4,190.7,204.3,""
2015,"Female","60 to 64","E92000001","England","C00-C97","All malignant cancers",4627,"Age-specific",312.2,303.3,321.3,""
2015,"Female","65 to 69","E92000001","England","C00-C97","All malignant cancers",7225,"Age-specific",465.4,454.8,476.3,""
2015,"Female","70 to 74","E92000001","England","C00-C97","All malignant cancers",7991,"Age-specific",673,658.3,687.9,""
2015,"Female","75 to 79","E92000001","England","C00-C97","All malignant cancers",9339,"Age-specific",959.5,940.1,979.1,""
2015,"Female","80 to 84","E92000001","England","C00-C97","All malignant cancers",10038,"Age-specific",1330,1304.1,1356.3,""
2015,"Female","85 to 89","E92000001","England","C00-C97","All malignant cancers",8557,"Age-specific",1684.6,1649.1,1720.7,""
2015,"Female","90 and over","E92000001","England","C00-C97","All malignant cancers",6612,"Age-specific",1976,1928.6,2024.2,""
2016,"Female","20 to 24","E92000001","England","C00-C97","All malignant cancers",52,"Age-specific",3,2.2,3.9,""
2016,"Female","25 to 29","E92000001","England","C00-C97","All malignant cancers",132,"Age-specific",7,5.9,8.3,""
2016,"Female","30 to 34","E92000001","England","C00-C97","All malignant cancers",269,"Age-specific",14.3,12.7,16.2,""
2016,"Female","35 to 39","E92000001","England","C00-C97","All malignant cancers",424,"Age-specific",23.8,21.6,26.2,""
2016,"Female","40 to 44","E92000001","England","C00-C97","All malignant cancers",715,"Age-specific",40.2,37.3,43.3,""
2016,"Female","45 to 49","E92000001","England","C00-C97","All malignant cancers",1392,"Age-specific",70.9,67.2,74.7,""
2016,"Female","50 to 54","E92000001","England","C00-C97","All malignant cancers",2407,"Age-specific",122.7,117.9,127.7,""
2016,"Female","55 to 59","E92000001","England","C00-C97","All malignant cancers",3482,"Age-specific",204,197.2,210.8,""
2016,"Female","60 to 64","E92000001","England","C00-C97","All malignant cancers",4573,"Age-specific",306,297.2,315,""
2016,"Female","65 to 69","E92000001","England","C00-C97","All malignant cancers",7328,"Age-specific",469.3,458.6,480.2,""
2016,"Female","70 to 74","E92000001","England","C00-C97","All malignant cancers",8479,"Age-specific",681.7,667.2,696.3,""
2016,"Female","75 to 79","E92000001","England","C00-C97","All malignant cancers",9566,"Age-specific",988,968.3,1008,""
2016,"Female","80 to 84","E92000001","England","C00-C97","All malignant cancers",9807,"Age-specific",1288.5,1263.1,1314.2,""
2016,"Female","85 to 89","E92000001","England","C00-C97","All malignant cancers",8669,"Age-specific",1679.3,1644.1,1715,""
2016,"Female","90 and over","E92000001","England","C00-C97","All malignant cancers",6661,"Age-specific",1956.4,1909.7,2004,""
2017,"Female","20 to 24","E92000001","England","C00-C97","All malignant cancers",41,"Age-specific",2.4,1.7,3.2,""
2017,"Female","25 to 29","E92000001","England","C00-C97","All malignant cancers",96,"Age-specific",5.1,4.1,6.2,""
2017,"Female","30 to 34","E92000001","England","C00-C97","All malignant cancers",221,"Age-specific",11.7,10.2,13.4,""
2017,"Female","35 to 39","E92000001","England","C00-C97","All malignant cancers",436,"Age-specific",23.8,21.6,26.2,""
2017,"Female","40 to 44","E92000001","England","C00-C97","All malignant cancers",693,"Age-specific",40,37.1,43.1,""
2017,"Female","45 to 49","E92000001","England","C00-C97","All malignant cancers",1348,"Age-specific",69.3,65.6,73.1,""
2017,"Female","50 to 54","E92000001","England","C00-C97","All malignant cancers",2357,"Age-specific",119.1,114.3,124,""
2017,"Female","55 to 59","E92000001","England","C00-C97","All malignant cancers",3258,"Age-specific",185.2,178.9,191.6,""
2017,"Female","60 to 64","E92000001","England","C00-C97","All malignant cancers",4558,"Age-specific",299.9,291.2,308.7,""
2017,"Female","65 to 69","E92000001","England","C00-C97","All malignant cancers",6823,"Age-specific",457.4,446.7,468.4,""
2017,"Female","70 to 74","E92000001","England","C00-C97","All malignant cancers",8925,"Age-specific",657.4,643.9,671.2,""
2017,"Female","75 to 79","E92000001","England","C00-C97","All malignant cancers",9340,"Age-specific",956.6,937.3,976.2,""
2017,"Female","80 to 84","E92000001","England","C00-C97","All malignant cancers",9909,"Age-specific",1285,1259.8,1310.5,""
2017,"Female","85 to 89","E92000001","England","C00-C97","All malignant cancers",8737,"Age-specific",1672.2,1637.3,1707.6,""
2017,"Female","90 and over","E92000001","England","C00-C97","All malignant cancers",6692,"Age-specific",1957.3,1910.6,2004.7,""
2018,"Female","20 to 24","E92000001","England","C00-C97","All malignant cancers",63,"Age-specific",3.7,2.8,4.7,""
2018,"Female","25 to 29","E92000001","England","C00-C97","All malignant cancers",131,"Age-specific",7,5.8,8.3,""
2018,"Female","30 to 34","E92000001","England","C00-C97","All malignant cancers",251,"Age-specific",13.2,11.6,15,""
2018,"Female","35 to 39","E92000001","England","C00-C97","All malignant cancers",462,"Age-specific",24.7,22.5,27,""
2018,"Female","40 to 44","E92000001","England","C00-C97","All malignant cancers",634,"Age-specific",37.2,34.4,40.2,""
2018,"Female","45 to 49","E92000001","England","C00-C97","All malignant cancers",1410,"Age-specific",73.5,69.7,77.4,""
2018,"Female","50 to 54","E92000001","England","C00-C97","All malignant cancers",2233,"Age-specific",112.5,107.9,117.3,""
2018,"Female","55 to 59","E92000001","England","C00-C97","All malignant cancers",3543,"Age-specific",195.8,189.4,202.3,""
2018,"Female","60 to 64","E92000001","England","C00-C97","All malignant cancers",4570,"Age-specific",294.6,286.1,303.3,""
2018,"Female","65 to 69","E92000001","England","C00-C97","All malignant cancers",6406,"Age-specific",439.8,429.1,450.7,""
2018,"Female","70 to 74","E92000001","England","C00-C97","All malignant cancers",9174,"Age-specific",646,632.9,659.4,""
2018,"Female","75 to 79","E92000001","England","C00-C97","All malignant cancers",9376,"Age-specific",936.3,917.5,955.5,""
2018,"Female","80 to 84","E92000001","England","C00-C97","All malignant cancers",9933,"Age-specific",1262.3,1237.6,1287.4,""
2018,"Female","85 to 89","E92000001","England","C00-C97","All malignant cancers",8642,"Age-specific",1648.2,1613.7,1683.4,""
2018,"Female","90 and over","E92000001","England","C00-C97","All malignant cancers",6609,"Age-specific",1935.4,1889,1982.6,""
2019,"Female","20 to 24","E92000001","England","C00-C97","All malignant cancers",58,"Age-specific",3.4,2.6,4.4,""
2019,"Female","25 to 29","E92000001","England","C00-C97","All malignant cancers",90,"Age-specific",4.8,3.9,5.9,""
2019,"Female","30 to 34","E92000001","England","C00-C97","All malignant cancers",238,"Age-specific",12.5,10.9,14.2,""
2019,"Female","35 to 39","E92000001","England","C00-C97","All malignant cancers",440,"Age-specific",23.3,21.2,25.6,""
2019,"Female","40 to 44","E92000001","England","C00-C97","All malignant cancers",651,"Age-specific",38,35.1,41,""
2019,"Female","45 to 49","E92000001","England","C00-C97","All malignant cancers",1307,"Age-specific",69.7,65.9,73.5,""
2019,"Female","50 to 54","E92000001","England","C00-C97","All malignant cancers",2347,"Age-specific",118.5,113.8,123.4,""
2019,"Female","55 to 59","E92000001","England","C00-C97","All malignant cancers",3362,"Age-specific",180.7,174.6,186.9,""
2019,"Female","60 to 64","E92000001","England","C00-C97","All malignant cancers",4548,"Age-specific",287,278.7,295.5,""
2019,"Female","65 to 69","E92000001","England","C00-C97","All malignant cancers",6103,"Age-specific",422.7,412.1,433.4,""
2019,"Female","70 to 74","E92000001","England","C00-C97","All malignant cancers",9324,"Age-specific",643.4,630.4,656.6,""
2019,"Female","75 to 79","E92000001","England","C00-C97","All malignant cancers",9434,"Age-specific",907.1,888.9,925.6,""
2019,"Female","80 to 84","E92000001","England","C00-C97","All malignant cancers",10312,"Age-specific",1281.9,1257.2,1306.8,""
2019,"Female","85 to 89","E92000001","England","C00-C97","All malignant cancers",8879,"Age-specific",1678.7,1643.9,1714,""
2019,"Female","90 and over","E92000001","England","C00-C97","All malignant cancers",6840,"Age-specific",1948.5,1902.6,1995.2,""
2020,"Female","20 to 24","E92000001","England","C00-C97","All malignant cancers",41,"Age-specific",2.4,1.8,3.3,""
2020,"Female","25 to 29","E92000001","England","C00-C97","All malignant cancers",98,"Age-specific",5.3,4.3,6.5,""
2020,"Female","30 to 34","E92000001","England","C00-C97","All malignant cancers",213,"Age-specific",11.2,9.7,12.8,""
2020,"Female","35 to 39","E92000001","England","C00-C97","All malignant cancers",438,"Age-specific",23.2,21.1,25.5,""
2020,"Female","40 to 44","E92000001","England","C00-C97","All malignant cancers",677,"Age-specific",38.8,35.9,41.8,""
2020,"Female","45 to 49","E92000001","England","C00-C97","All malignant cancers",1252,"Age-specific",68.2,64.5,72.1,""
2020,"Female","50 to 54","E92000001","England","C00-C97","All malignant cancers",2254,"Age-specific",114.8,110.1,119.6,""
2020,"Female","55 to 59","E92000001","England","C00-C97","All malignant cancers",3364,"Age-specific",176.2,170.3,182.3,""
2020,"Female","60 to 64","E92000001","England","C00-C97","All malignant cancers",4708,"Age-specific",289.1,280.9,297.5,""
2020,"Female","65 to 69","E92000001","England","C00-C97","All malignant cancers",6191,"Age-specific",431,420.3,441.8,""
2020,"Female","70 to 74","E92000001","England","C00-C97","All malignant cancers",9428,"Age-specific",641.3,628.4,654.4,""
2020,"Female","75 to 79","E92000001","England","C00-C97","All malignant cancers",9983,"Age-specific",927.9,909.7,946.2,""
2020,"Female","80 to 84","E92000001","England","C00-C97","All malignant cancers",10116,"Age-specific",1250.2,1225.9,1274.8,""
2020,"Female","85 to 89","E92000001","England","C00-C97","All malignant cancers",8549,"Age-specific",1615.6,1581.5,1650.2,""
2020,"Female","90 and over","E92000001","England","C00-C97","All malignant cancers",6687,"Age-specific",1902.3,1857,1948.5,""
2001,"Male","20 to 24","E92000001","England","C00-C97","All malignant cancers",89,"Age-specific",6,4.8,7.3,""
2001,"Male","25 to 29","E92000001","England","C00-C97","All malignant cancers",119,"Age-specific",7.2,5.9,8.6,""
2001,"Male","30 to 34","E92000001","England","C00-C97","All malignant cancers",235,"Age-specific",12.2,10.7,13.9,""
2001,"Male","35 to 39","E92000001","England","C00-C97","All malignant cancers",382,"Age-specific",19.6,17.7,21.7,""
2001,"Male","40 to 44","E92000001","England","C00-C97","All malignant cancers",616,"Age-specific",35.5,32.8,38.4,""
2001,"Male","45 to 49","E92000001","England","C00-C97","All malignant cancers",1262,"Age-specific",81.3,76.9,85.9,""
2001,"Male","50 to 54","E92000001","England","C00-C97","All malignant cancers",2687,"Age-specific",161.1,155,167.3,""
2001,"Male","55 to 59","E92000001","England","C00-C97","All malignant cancers",4141,"Age-specific",295.1,286.2,304.2,""
2001,"Male","60 to 64","E92000001","England","C00-C97","All malignant cancers",5958,"Age-specific",506.5,493.7,519.5,""
2001,"Male","65 to 69","E92000001","England","C00-C97","All malignant cancers",8253,"Age-specific",794.8,777.8,812.1,""
2001,"Male","70 to 74","E92000001","England","C00-C97","All malignant cancers",10951,"Age-specific",1231.1,1208.2,1254.4,""
2001,"Male","75 to 79","E92000001","England","C00-C97","All malignant cancers",12520,"Age-specific",1819.4,1787.7,1851.5,""
2001,"Male","80 to 84","E92000001","England","C00-C97","All malignant cancers",9716,"Age-specific",2343.4,2297,2390.4,""
2001,"Male","85 to 89","E92000001","England","C00-C97","All malignant cancers",6146,"Age-specific",3164.5,3085.9,3244.6,""
2001,"Male","90 and over","E92000001","England","C00-C97","All malignant cancers",2636,"Age-specific",3620.1,3483.2,3761,""
2002,"Male","20 to 24","E92000001","England","C00-C97","All malignant cancers",93,"Age-specific",6.1,4.9,7.5,""
2002,"Male","25 to 29","E92000001","England","C00-C97","All malignant cancers",115,"Age-specific",7.1,5.9,8.6,""
2002,"Male","30 to 34","E92000001","England","C00-C97","All malignant cancers",200,"Age-specific",10.6,9.2,12.2,""
2002,"Male","35 to 39","E92000001","England","C00-C97","All malignant cancers",359,"Age-specific",18.2,16.4,20.2,""
2002,"Male","40 to 44","E92000001","England","C00-C97","All malignant cancers",659,"Age-specific",36.9,34.1,39.8,""
2002,"Male","45 to 49","E92000001","England","C00-C97","All malignant cancers",1237,"Age-specific",79,74.7,83.5,""
2002,"Male","50 to 54","E92000001","England","C00-C97","All malignant cancers",2464,"Age-specific",154.5,148.5,160.7,""
2002,"Male","55 to 59","E92000001","England","C00-C97","All malignant cancers",4378,"Age-specific",288.9,280.4,297.6,""
2002,"Male","60 to 64","E92000001","England","C00-C97","All malignant cancers",6013,"Age-specific",511.2,498.4,524.3,""
2002,"Male","65 to 69","E92000001","England","C00-C97","All malignant cancers",8423,"Age-specific",804.3,787.2,821.7,""
2002,"Male","70 to 74","E92000001","England","C00-C97","All malignant cancers",11013,"Age-specific",1232.4,1209.5,1255.6,""
2002,"Male","75 to 79","E92000001","England","C00-C97","All malignant cancers",12481,"Age-specific",1819.4,1787.7,1851.6,""
2002,"Male","80 to 84","E92000001","England","C00-C97","All malignant cancers",10171,"Age-specific",2313.3,2268.6,2358.7,""
2002,"Male","85 to 89","E92000001","England","C00-C97","All malignant cancers",6171,"Age-specific",3214.6,3134.9,3295.8,""
2002,"Male","90 and over","E92000001","England","C00-C97","All malignant cancers",2731,"Age-specific",3564.6,3432.1,3700.8,""
2003,"Male","20 to 24","E92000001","England","C00-C97","All malignant cancers",92,"Age-specific",5.9,4.7,7.2,""
2003,"Male","25 to 29","E92000001","England","C00-C97","All malignant cancers",84,"Age-specific",5.3,4.3,6.6,""
2003,"Male","30 to 34","E92000001","England","C00-C97","All malignant cancers",215,"Age-specific",11.6,10.1,13.2,""
2003,"Male","35 to 39","E92000001","England","C00-C97","All malignant cancers",358,"Age-specific",18.1,16.3,20.1,""
2003,"Male","40 to 44","E92000001","England","C00-C97","All malignant cancers",687,"Age-specific",37.5,34.8,40.5,""
2003,"Male","45 to 49","E92000001","England","C00-C97","All malignant cancers",1192,"Age-specific",74.6,70.4,78.9,""
2003,"Male","50 to 54","E92000001","England","C00-C97","All malignant cancers",2281,"Age-specific",147.6,141.6,153.7,""
2003,"Male","55 to 59","E92000001","England","C00-C97","All malignant cancers",4481,"Age-specific",284,275.7,292.4,""
2003,"Male","60 to 64","E92000001","England","C00-C97","All malignant cancers",5941,"Age-specific",496.1,483.5,508.8,""
2003,"Male","65 to 69","E92000001","England","C00-C97","All malignant cancers",8309,"Age-specific",782.5,765.7,799.5,""
2003,"Male","70 to 74","E92000001","England","C00-C97","All malignant cancers",10681,"Age-specific",1192.2,1169.7,1215,""
2003,"Male","75 to 79","E92000001","England","C00-C97","All malignant cancers",12071,"Age-specific",1756.1,1725,1787.8,""
2003,"Male","80 to 84","E92000001","England","C00-C97","All malignant cancers",10953,"Age-specific",2365.3,2321.2,2410,""
2003,"Male","85 to 89","E92000001","England","C00-C97","All malignant cancers",5783,"Age-specific",3123.5,3043.6,3205.1,""
2003,"Male","90 and over","E92000001","England","C00-C97","All malignant cancers",2929,"Age-specific",3654.3,3523.2,3789.1,""
2004,"Male","20 to 24","E92000001","England","C00-C97","All malignant cancers",98,"Age-specific",6.1,4.9,7.4,""
2004,"Male","25 to 29","E92000001","England","C00-C97","All malignant cancers",114,"Age-specific",7.2,6,8.7,""
2004,"Male","30 to 34","E92000001","England","C00-C97","All malignant cancers",190,"Age-specific",10.5,9,12.1,""
2004,"Male","35 to 39","E92000001","England","C00-C97","All malignant cancers",364,"Age-specific",18.5,16.7,20.6,""
2004,"Male","40 to 44","E92000001","England","C00-C97","All malignant cancers",635,"Age-specific",34,31.4,36.7,""
2004,"Male","45 to 49","E92000001","England","C00-C97","All malignant cancers",1137,"Age-specific",69.6,65.6,73.7,""
2004,"Male","50 to 54","E92000001","England","C00-C97","All malignant cancers",2277,"Age-specific",149.7,143.6,155.9,""
2004,"Male","55 to 59","E92000001","England","C00-C97","All malignant cancers",4198,"Age-specific",261.7,253.8,269.7,""
2004,"Male","60 to 64","E92000001","England","C00-C97","All malignant cancers",5879,"Age-specific",477.4,465.3,489.8,""
2004,"Male","65 to 69","E92000001","England","C00-C97","All malignant cancers",8216,"Age-specific",763.2,746.8,779.9,""
2004,"Male","70 to 74","E92000001","England","C00-C97","All malignant cancers",10529,"Age-specific",1175.6,1153.2,1198.3,""
2004,"Male","75 to 79","E92000001","England","C00-C97","All malignant cancers",12221,"Age-specific",1764.6,1733.5,1796.2,""
2004,"Male","80 to 84","E92000001","England","C00-C97","All malignant cancers",11207,"Age-specific",2358.8,2315.3,2402.9,""
2004,"Male","85 to 89","E92000001","England","C00-C97","All malignant cancers",5678,"Age-specific",3026.2,2948,3106,""
2004,"Male","90 and over","E92000001","England","C00-C97","All malignant cancers",2979,"Age-specific",3547.3,3421.1,3677,""
2005,"Male","20 to 24","E92000001","England","C00-C97","All malignant cancers",92,"Age-specific",5.6,4.5,6.8,""
2005,"Male","25 to 29","E92000001","England","C00-C97","All malignant cancers",100,"Age-specific",6.2,5,7.5,""
2005,"Male","30 to 34","E92000001","England","C00-C97","All malignant cancers",165,"Age-specific",9.3,7.9,10.8,""
2005,"Male","35 to 39","E92000001","England","C00-C97","All malignant cancers",346,"Age-specific",17.7,15.9,19.7,""
2005,"Male","40 to 44","E92000001","England","C00-C97","All malignant cancers",636,"Age-specific",33.2,30.6,35.8,""
2005,"Male","45 to 49","E92000001","England","C00-C97","All malignant cancers",1202,"Age-specific",71.6,67.6,75.8,""
2005,"Male","50 to 54","E92000001","England","C00-C97","All malignant cancers",2111,"Age-specific",139.4,133.5,145.5,""
2005,"Male","55 to 59","E92000001","England","C00-C97","All malignant cancers",4267,"Age-specific",263.7,255.9,271.8,""
2005,"Male","60 to 64","E92000001","England","C00-C97","All malignant cancers",5948,"Age-specific",467.7,455.9,479.7,""
2005,"Male","65 to 69","E92000001","England","C00-C97","All malignant cancers",8068,"Age-specific",744.4,728.2,760.8,""
2005,"Male","70 to 74","E92000001","England","C00-C97","All malignant cancers",10420,"Age-specific",1157,1134.9,1179.5,""
2005,"Male","75 to 79","E92000001","England","C00-C97","All malignant cancers",11784,"Age-specific",1679.9,1649.7,1710.5,""
2005,"Male","80 to 84","E92000001","England","C00-C97","All malignant cancers",11112,"Age-specific",2349.6,2306.1,2393.7,""
2005,"Male","85 to 89","E92000001","England","C00-C97","All malignant cancers",6170,"Age-specific",2999.2,2924.8,3075,""
2005,"Male","90 and over","E92000001","England","C00-C97","All malignant cancers",3172,"Age-specific",3623.7,3498.7,3752,""
2006,"Male","20 to 24","E92000001","England","C00-C97","All malignant cancers",90,"Age-specific",5.4,4.3,6.6,""
2006,"Male","25 to 29","E92000001","England","C00-C97","All malignant cancers",130,"Age-specific",7.8,6.5,9.3,""
2006,"Male","30 to 34","E92000001","England","C00-C97","All malignant cancers",229,"Age-specific",13.3,11.6,15.1,""
2006,"Male","35 to 39","E92000001","England","C00-C97","All malignant cancers",349,"Age-specific",18,16.2,20,""
2006,"Male","40 to 44","E92000001","England","C00-C97","All malignant cancers",649,"Age-specific",33.4,30.9,36.1,""
2006,"Male","45 to 49","E92000001","England","C00-C97","All malignant cancers",1157,"Age-specific",67,63.2,70.9,""
2006,"Male","50 to 54","E92000001","England","C00-C97","All malignant cancers",2131,"Age-specific",140.2,134.3,146.3,""
2006,"Male","55 to 59","E92000001","England","C00-C97","All malignant cancers",4312,"Age-specific",266.5,258.6,274.6,""
2006,"Male","60 to 64","E92000001","England","C00-C97","All malignant cancers",6147,"Age-specific",462.8,451.3,474.6,""
2006,"Male","65 to 69","E92000001","England","C00-C97","All malignant cancers",8082,"Age-specific",752.6,736.3,769.2,""
2006,"Male","70 to 74","E92000001","England","C00-C97","All malignant cancers",10018,"Age-specific",1104.9,1083.4,1126.7,""
2006,"Male","75 to 79","E92000001","England","C00-C97","All malignant cancers",11952,"Age-specific",1677.8,1647.8,1708.1,""
2006,"Male","80 to 84","E92000001","England","C00-C97","All malignant cancers",10961,"Age-specific",2312,2268.9,2355.6,""
2006,"Male","85 to 89","E92000001","England","C00-C97","All malignant cancers",6746,"Age-specific",2988.3,2917.5,3060.5,""
2006,"Male","90 and over","E92000001","England","C00-C97","All malignant cancers",3210,"Age-specific",3610.1,3486.3,3737.2,""
2007,"Male","20 to 24","E92000001","England","C00-C97","All malignant cancers",86,"Age-specific",5,4,6.2,""
2007,"Male","25 to 29","E92000001","England","C00-C97","All malignant cancers",121,"Age-specific",7,5.8,8.4,""
2007,"Male","30 to 34","E92000001","England","C00-C97","All malignant cancers",182,"Age-specific",10.8,9.3,12.5,""
2007,"Male","35 to 39","E92000001","England","C00-C97","All malignant cancers",314,"Age-specific",16.4,14.6,18.3,""
2007,"Male","40 to 44","E92000001","England","C00-C97","All malignant cancers",691,"Age-specific",35.2,32.6,38,""
2007,"Male","45 to 49","E92000001","England","C00-C97","All malignant cancers",1127,"Age-specific",63.8,60.1,67.6,""
2007,"Male","50 to 54","E92000001","England","C00-C97","All malignant cancers",2071,"Age-specific",134.3,128.6,140.2,""
2007,"Male","55 to 59","E92000001","England","C00-C97","All malignant cancers",4074,"Age-specific",264.6,256.5,272.8,""
2007,"Male","60 to 64","E92000001","England","C00-C97","All malignant cancers",6394,"Age-specific",445.2,434.4,456.3,""
2007,"Male","65 to 69","E92000001","England","C00-C97","All malignant cancers",8107,"Age-specific",752.8,736.5,769.4,""
2007,"Male","70 to 74","E92000001","England","C00-C97","All malignant cancers",9919,"Age-specific",1079.5,1058.3,1100.9,""
2007,"Male","75 to 79","E92000001","England","C00-C97","All malignant cancers",11761,"Age-specific",1626.6,1597.3,1656.3,""
2007,"Male","80 to 84","E92000001","England","C00-C97","All malignant cancers",11068,"Age-specific",2310.7,2267.9,2354.2,""
2007,"Male","85 to 89","E92000001","England","C00-C97","All malignant cancers",7146,"Age-specific",2941.7,2873.9,3010.7,""
2007,"Male","90 and over","E92000001","England","C00-C97","All malignant cancers",3265,"Age-specific",3621.8,3498.6,3748.2,""
2008,"Male","20 to 24","E92000001","England","C00-C97","All malignant cancers",98,"Age-specific",5.7,4.6,6.9,""
2008,"Male","25 to 29","E92000001","England","C00-C97","All malignant cancers",123,"Age-specific",6.9,5.7,8.2,""
2008,"Male","30 to 34","E92000001","England","C00-C97","All malignant cancers",162,"Age-specific",9.7,8.3,11.3,""
2008,"Male","35 to 39","E92000001","England","C00-C97","All malignant cancers",334,"Age-specific",17.7,15.8,19.7,""
2008,"Male","40 to 44","E92000001","England","C00-C97","All malignant cancers",589,"Age-specific",30,27.6,32.5,""
2008,"Male","45 to 49","E92000001","England","C00-C97","All malignant cancers",1194,"Age-specific",65.9,62.3,69.8,""
2008,"Male","50 to 54","E92000001","England","C00-C97","All malignant cancers",2016,"Age-specific",127.9,122.4,133.6,""
2008,"Male","55 to 59","E92000001","England","C00-C97","All malignant cancers",3834,"Age-specific",256.3,248.2,264.5,""
2008,"Male","60 to 64","E92000001","England","C00-C97","All malignant cancers",6554,"Age-specific",436.7,426.2,447.4,""
2008,"Male","65 to 69","E92000001","England","C00-C97","All malignant cancers",8061,"Age-specific",731.2,715.3,747.4,""
2008,"Male","70 to 74","E92000001","England","C00-C97","All malignant cancers",10257,"Age-specific",1092.3,1071.2,1113.6,""
2008,"Male","75 to 79","E92000001","England","C00-C97","All malignant cancers",11833,"Age-specific",1617.2,1588.1,1646.6,""
2008,"Male","80 to 84","E92000001","England","C00-C97","All malignant cancers",11036,"Age-specific",2269,2226.9,2311.7,""
2008,"Male","85 to 89","E92000001","England","C00-C97","All malignant cancers",7788,"Age-specific",3013.2,2946.6,3080.9,""
2008,"Male","90 and over","E92000001","England","C00-C97","All malignant cancers",3269,"Age-specific",3695,3569.4,3823.8,""
2009,"Male","20 to 24","E92000001","England","C00-C97","All malignant cancers",98,"Age-specific",5.7,4.6,6.9,""
2009,"Male","25 to 29","E92000001","England","C00-C97","All malignant cancers",113,"Age-specific",6.3,5.2,7.6,""
2009,"Male","30 to 34","E92000001","England","C00-C97","All malignant cancers",167,"Age-specific",9.9,8.4,11.5,""
2009,"Male","35 to 39","E92000001","England","C00-C97","All malignant cancers",311,"Age-specific",16.9,15,18.9,""
2009,"Male","40 to 44","E92000001","England","C00-C97","All malignant cancers",669,"Age-specific",34.1,31.6,36.8,""
2009,"Male","45 to 49","E92000001","England","C00-C97","All malignant cancers",1174,"Age-specific",63.2,59.7,66.9,""
2009,"Male","50 to 54","E92000001","England","C00-C97","All malignant cancers",2033,"Age-specific",126.1,120.7,131.7,""
2009,"Male","55 to 59","E92000001","England","C00-C97","All malignant cancers",3749,"Age-specific",253.3,245.2,261.5,""
2009,"Male","60 to 64","E92000001","England","C00-C97","All malignant cancers",6629,"Age-specific",433.6,423.2,444.2,""
2009,"Male","65 to 69","E92000001","England","C00-C97","All malignant cancers",8150,"Age-specific",713.6,698.2,729.3,""
2009,"Male","70 to 74","E92000001","England","C00-C97","All malignant cancers",10201,"Age-specific",1064.4,1043.8,1085.2,""
2009,"Male","75 to 79","E92000001","England","C00-C97","All malignant cancers",11619,"Age-specific",1573.5,1545.1,1602.4,""
2009,"Male","80 to 84","E92000001","England","C00-C97","All malignant cancers",11315,"Age-specific",2280.9,2239.1,2323.4,""
2009,"Male","85 to 89","E92000001","England","C00-C97","All malignant cancers",8144,"Age-specific",3078.9,3012.4,3146.5,""
2009,"Male","90 and over","E92000001","England","C00-C97","All malignant cancers",3252,"Age-specific",3423.9,3307.2,3543.7,""
2010,"Male","20 to 24","E92000001","England","C00-C97","All malignant cancers",64,"Age-specific",3.6,2.8,4.6,""
2010,"Male","25 to 29","E92000001","England","C00-C97","All malignant cancers",126,"Age-specific",7,5.8,8.3,""
2010,"Male","30 to 34","E92000001","England","C00-C97","All malignant cancers",174,"Age-specific",10.1,8.7,11.7,""
2010,"Male","35 to 39","E92000001","England","C00-C97","All malignant cancers",322,"Age-specific",17.8,15.9,19.9,""
2010,"Male","40 to 44","E92000001","England","C00-C97","All malignant cancers",615,"Age-specific",31.8,29.3,34.4,""
2010,"Male","45 to 49","E92000001","England","C00-C97","All malignant cancers",1186,"Age-specific",62.4,58.9,66,""
2010,"Male","50 to 54","E92000001","England","C00-C97","All malignant cancers",2125,"Age-specific",128.5,123.1,134.1,""
2010,"Male","55 to 59","E92000001","England","C00-C97","All malignant cancers",3658,"Age-specific",248.2,240.2,256.3,""
2010,"Male","60 to 64","E92000001","England","C00-C97","All malignant cancers",6523,"Age-specific",421.5,411.3,431.8,""
2010,"Male","65 to 69","E92000001","England","C00-C97","All malignant cancers",8129,"Age-specific",685.9,671.1,701,""
2010,"Male","70 to 74","E92000001","England","C00-C97","All malignant cancers",10309,"Age-specific",1063.4,1043,1084.2,""
2010,"Male","75 to 79","E92000001","England","C00-C97","All malignant cancers",11631,"Age-specific",1551.7,1523.7,1580.2,""
2010,"Male","80 to 84","E92000001","England","C00-C97","All malignant cancers",11251,"Age-specific",2206.6,2166,2247.7,""
2010,"Male","85 to 89","E92000001","England","C00-C97","All malignant cancers",8198,"Age-specific",3027.9,2962.7,3094.2,""
2010,"Male","90 and over","E92000001","England","C00-C97","All malignant cancers",3728,"Age-specific",3601.6,3486.9,3719.1,""
2011,"Male","20 to 24","E92000001","England","C00-C97","All malignant cancers",89,"Age-specific",4.9,3.9,6,""
2011,"Male","25 to 29","E92000001","England","C00-C97","All malignant cancers",113,"Age-specific",6.2,5.1,7.4,""
2011,"Male","30 to 34","E92000001","England","C00-C97","All malignant cancers",169,"Age-specific",9.6,8.2,11.1,""
2011,"Male","35 to 39","E92000001","England","C00-C97","All malignant cancers",298,"Age-specific",17,15.1,19,""
2011,"Male","40 to 44","E92000001","England","C00-C97","All malignant cancers",579,"Age-specific",30.1,27.7,32.7,""
2011,"Male","45 to 49","E92000001","England","C00-C97","All malignant cancers",1144,"Age-specific",59.4,56,62.9,""
2011,"Male","50 to 54","E92000001","England","C00-C97","All malignant cancers",2066,"Age-specific",121.6,116.4,127,""
2011,"Male","55 to 59","E92000001","England","C00-C97","All malignant cancers",3678,"Age-specific",247.7,239.8,255.9,""
2011,"Male","60 to 64","E92000001","England","C00-C97","All malignant cancers",6382,"Age-specific",411.2,401.2,421.4,""
2011,"Male","65 to 69","E92000001","England","C00-C97","All malignant cancers",8437,"Age-specific",679,664.6,693.6,""
2011,"Male","70 to 74","E92000001","England","C00-C97","All malignant cancers",10286,"Age-specific",1067.5,1046.9,1088.3,""
2011,"Male","75 to 79","E92000001","England","C00-C97","All malignant cancers",11519,"Age-specific",1513.4,1485.9,1541.3,""
2011,"Male","80 to 84","E92000001","England","C00-C97","All malignant cancers",11459,"Age-specific",2186,2146.2,2226.4,""
2011,"Male","85 to 89","E92000001","England","C00-C97","All malignant cancers",8352,"Age-specific",3003.2,2939.1,3068.3,""
2011,"Male","90 and over","E92000001","England","C00-C97","All malignant cancers",4172,"Age-specific",3731.6,3619.2,3846.5,""
2012,"Male","20 to 24","E92000001","England","C00-C97","All malignant cancers",77,"Age-specific",4.2,3.3,5.2,""
2012,"Male","25 to 29","E92000001","England","C00-C97","All malignant cancers",114,"Age-specific",6.2,5.2,7.5,""
2012,"Male","30 to 34","E92000001","England","C00-C97","All malignant cancers",171,"Age-specific",9.5,8.1,11,""
2012,"Male","35 to 39","E92000001","England","C00-C97","All malignant cancers",260,"Age-specific",15.2,13.4,17.2,""
2012,"Male","40 to 44","E92000001","England","C00-C97","All malignant cancers",564,"Age-specific",29.7,27.3,32.2,""
2012,"Male","45 to 49","E92000001","England","C00-C97","All malignant cancers",1184,"Age-specific",61,57.6,64.6,""
2012,"Male","50 to 54","E92000001","England","C00-C97","All malignant cancers",2068,"Age-specific",118.3,113.2,123.5,""
2012,"Male","55 to 59","E92000001","England","C00-C97","All malignant cancers",3610,"Age-specific",239.1,231.4,247,""
2012,"Male","60 to 64","E92000001","England","C00-C97","All malignant cancers",6241,"Age-specific",422.8,412.4,433.4,""
2012,"Male","65 to 69","E92000001","England","C00-C97","All malignant cancers",8879,"Age-specific",653.5,640,667.3,""
2012,"Male","70 to 74","E92000001","England","C00-C97","All malignant cancers",10121,"Age-specific",1040.7,1020.5,1061.1,""
2012,"Male","75 to 79","E92000001","England","C00-C97","All malignant cancers",11742,"Age-specific",1511.1,1483.9,1538.7,""
2012,"Male","80 to 84","E92000001","England","C00-C97","All malignant cancers",11798,"Age-specific",2191.9,2152.5,2231.8,""
2012,"Male","85 to 89","E92000001","England","C00-C97","All malignant cancers",8701,"Age-specific",3048.2,2984.5,3112.9,""
2012,"Male","90 and over","E92000001","England","C00-C97","All malignant cancers",4699,"Age-specific",3875.5,3765.5,3988,""
2013,"Male","20 to 24","E92000001","England","C00-C97","All malignant cancers",65,"Age-specific",3.6,2.7,4.5,""
2013,"Male","25 to 29","E92000001","England","C00-C97","All malignant cancers",117,"Age-specific",6.4,5.3,7.6,""
2013,"Male","30 to 34","E92000001","England","C00-C97","All malignant cancers",181,"Age-specific",9.9,8.5,11.4,""
2013,"Male","35 to 39","E92000001","England","C00-C97","All malignant cancers",271,"Age-specific",16.1,14.3,18.2,""
2013,"Male","40 to 44","E92000001","England","C00-C97","All malignant cancers",561,"Age-specific",29.9,27.5,32.5,""
2013,"Male","45 to 49","E92000001","England","C00-C97","All malignant cancers",1189,"Age-specific",61.3,57.9,64.9,""
2013,"Male","50 to 54","E92000001","England","C00-C97","All malignant cancers",2102,"Age-specific",117.2,112.3,122.4,""
2013,"Male","55 to 59","E92000001","England","C00-C97","All malignant cancers",3493,"Age-specific",226.9,219.4,234.5,""
2013,"Male","60 to 64","E92000001","England","C00-C97","All malignant cancers",6036,"Age-specific",419.2,408.7,429.9,""
2013,"Male","65 to 69","E92000001","England","C00-C97","All malignant cancers",9110,"Age-specific",641.7,628.6,655,""
2013,"Male","70 to 74","E92000001","England","C00-C97","All malignant cancers",10195,"Age-specific",1020.6,1000.9,1040.6,""
2013,"Male","75 to 79","E92000001","England","C00-C97","All malignant cancers",11697,"Age-specific",1464.1,1437.7,1490.9,""
2013,"Male","80 to 84","E92000001","England","C00-C97","All malignant cancers",11618,"Age-specific",2115.7,2077.4,2154.5,""
2013,"Male","85 to 89","E92000001","England","C00-C97","All malignant cancers",8736,"Age-specific",2992.7,2930.3,3056.1,""
2013,"Male","90 and over","E92000001","England","C00-C97","All malignant cancers",4928,"Age-specific",3870.7,3763.4,3980.3,""
2014,"Male","20 to 24","E92000001","England","C00-C97","All malignant cancers",83,"Age-specific",4.5,3.6,5.6,""
2014,"Male","25 to 29","E92000001","England","C00-C97","All malignant cancers",112,"Age-specific",6,5,7.2,""
2014,"Male","30 to 34","E92000001","England","C00-C97","All malignant cancers",175,"Age-specific",9.5,8.1,11,""
2014,"Male","35 to 39","E92000001","England","C00-C97","All malignant cancers",263,"Age-specific",15.5,13.7,17.5,""
2014,"Male","40 to 44","E92000001","England","C00-C97","All malignant cancers",556,"Age-specific",30.2,27.8,32.9,""
2014,"Male","45 to 49","E92000001","England","C00-C97","All malignant cancers",1152,"Age-specific",59.5,56.1,63.1,""
2014,"Male","50 to 54","E92000001","England","C00-C97","All malignant cancers",2111,"Age-specific",114.7,109.9,119.7,""
2014,"Male","55 to 59","E92000001","England","C00-C97","All malignant cancers",3557,"Age-specific",225.7,218.3,233.2,""
2014,"Male","60 to 64","E92000001","England","C00-C97","All malignant cancers",5781,"Age-specific",405.4,395,416,""
2014,"Male","65 to 69","E92000001","England","C00-C97","All malignant cancers",9193,"Age-specific",635.5,622.6,648.6,""
2014,"Male","70 to 74","E92000001","England","C00-C97","All malignant cancers",10275,"Age-specific",987.4,968.4,1006.7,""
2014,"Male","75 to 79","E92000001","England","C00-C97","All malignant cancers",11837,"Age-specific",1442.9,1417,1469.1,""
2014,"Male","80 to 84","E92000001","England","C00-C97","All malignant cancers",11875,"Age-specific",2118.3,2080.4,2156.8,""
2014,"Male","85 to 89","E92000001","England","C00-C97","All malignant cancers",9075,"Age-specific",2995.1,2933.8,3057.3,""
2014,"Male","90 and over","E92000001","England","C00-C97","All malignant cancers",5228,"Age-specific",3856.5,3752.6,3962.4,""
2015,"Male","20 to 24","E92000001","England","C00-C97","All malignant cancers",73,"Age-specific",4,3.1,5,""
2015,"Male","25 to 29","E92000001","England","C00-C97","All malignant cancers",110,"Age-specific",5.8,4.8,7,""
2015,"Male","30 to 34","E92000001","England","C00-C97","All malignant cancers",172,"Age-specific",9.3,7.9,10.7,""
2015,"Male","35 to 39","E92000001","England","C00-C97","All malignant cancers",297,"Age-specific",17.2,15.3,19.2,""
2015,"Male","40 to 44","E92000001","England","C00-C97","All malignant cancers",515,"Age-specific",28.5,26.1,31.1,""
2015,"Male","45 to 49","E92000001","England","C00-C97","All malignant cancers",1099,"Age-specific",57.2,53.9,60.7,""
2015,"Male","50 to 54","E92000001","England","C00-C97","All malignant cancers",2124,"Age-specific",112.8,108,117.7,""
2015,"Male","55 to 59","E92000001","England","C00-C97","All malignant cancers",3566,"Age-specific",219.9,212.7,227.2,""
2015,"Male","60 to 64","E92000001","England","C00-C97","All malignant cancers",5683,"Age-specific",399.5,389.1,410,""
2015,"Male","65 to 69","E92000001","England","C00-C97","All malignant cancers",9238,"Age-specific",630.7,617.9,643.7,""
2015,"Male","70 to 74","E92000001","England","C00-C97","All malignant cancers",10558,"Age-specific",976.5,957.9,995.3,""
2015,"Male","75 to 79","E92000001","England","C00-C97","All malignant cancers",11943,"Age-specific",1437.4,1411.7,1463.4,""
2015,"Male","80 to 84","E92000001","England","C00-C97","All malignant cancers",12007,"Age-specific",2100.7,2063.3,2138.6,""
2015,"Male","85 to 89","E92000001","England","C00-C97","All malignant cancers",9192,"Age-specific",2942.7,2882.9,3003.5,""
2015,"Male","90 and over","E92000001","England","C00-C97","All malignant cancers",5434,"Age-specific",3871.9,3769.6,3976.2,""
2016,"Male","20 to 24","E92000001","England","C00-C97","All malignant cancers",86,"Age-specific",4.7,3.8,5.8,""
2016,"Male","25 to 29","E92000001","England","C00-C97","All malignant cancers",109,"Age-specific",5.7,4.7,6.8,""
2016,"Male","30 to 34","E92000001","England","C00-C97","All malignant cancers",190,"Age-specific",10.1,8.7,11.7,""
2016,"Male","35 to 39","E92000001","England","C00-C97","All malignant cancers",278,"Age-specific",15.7,13.9,17.6,""
2016,"Male","40 to 44","E92000001","England","C00-C97","All malignant cancers",525,"Age-specific",29.9,27.4,32.6,""
2016,"Male","45 to 49","E92000001","England","C00-C97","All malignant cancers",1128,"Age-specific",58.8,55.4,62.3,""
2016,"Male","50 to 54","E92000001","England","C00-C97","All malignant cancers",2188,"Age-specific",114.5,109.7,119.4,""
2016,"Male","55 to 59","E92000001","England","C00-C97","All malignant cancers",3569,"Age-specific",213.7,206.7,220.8,""
2016,"Male","60 to 64","E92000001","England","C00-C97","All malignant cancers",5582,"Age-specific",388.6,378.4,398.9,""
2016,"Male","65 to 69","E92000001","England","C00-C97","All malignant cancers",9281,"Age-specific",631.1,618.3,644.1,""
2016,"Male","70 to 74","E92000001","England","C00-C97","All malignant cancers",10753,"Age-specific",945.4,927.6,963.4,""
2016,"Male","75 to 79","E92000001","England","C00-C97","All malignant cancers",12000,"Age-specific",1449.6,1423.7,1475.7,""
2016,"Male","80 to 84","E92000001","England","C00-C97","All malignant cancers",11961,"Age-specific",2047.3,2010.8,2084.4,""
2016,"Male","85 to 89","E92000001","England","C00-C97","All malignant cancers",9348,"Age-specific",2885.1,2826.9,2944.1,""
2016,"Male","90 and over","E92000001","England","C00-C97","All malignant cancers",5669,"Age-specific",3846.5,3747,3948,""
2017,"Male","20 to 24","E92000001","England","C00-C97","All malignant cancers",60,"Age-specific",3.3,2.5,4.3,""
2017,"Male","25 to 29","E92000001","England","C00-C97","All malignant cancers",112,"Age-specific",5.8,4.8,7,""
2017,"Male","30 to 34","E92000001","England","C00-C97","All malignant cancers",161,"Age-specific",8.6,7.3,10,""
2017,"Male","35 to 39","E92000001","England","C00-C97","All malignant cancers",315,"Age-specific",17.4,15.5,19.4,""
2017,"Male","40 to 44","E92000001","England","C00-C97","All malignant cancers",545,"Age-specific",31.8,29.2,34.6,""
2017,"Male","45 to 49","E92000001","England","C00-C97","All malignant cancers",1127,"Age-specific",59.2,55.8,62.8,""
2017,"Male","50 to 54","E92000001","England","C00-C97","All malignant cancers",2194,"Age-specific",113.8,109.1,118.7,""
2017,"Male","55 to 59","E92000001","England","C00-C97","All malignant cancers",3561,"Age-specific",207.1,200.4,214,""
2017,"Male","60 to 64","E92000001","England","C00-C97","All malignant cancers",5557,"Age-specific",379.9,369.9,390,""
2017,"Male","65 to 69","E92000001","England","C00-C97","All malignant cancers",8621,"Age-specific",616.2,603.2,629.3,""
2017,"Male","70 to 74","E92000001","England","C00-C97","All malignant cancers",11539,"Age-specific",925.4,908.5,942.4,""
2017,"Male","75 to 79","E92000001","England","C00-C97","All malignant cancers",11873,"Age-specific",1418.5,1393.1,1444.2,""
2017,"Male","80 to 84","E92000001","England","C00-C97","All malignant cancers",12094,"Age-specific",2020,1984.2,2056.3,""
2017,"Male","85 to 89","E92000001","England","C00-C97","All malignant cancers",9582,"Age-specific",2866.2,2809.1,2924.1,""
2017,"Male","90 and over","E92000001","England","C00-C97","All malignant cancers",5885,"Age-specific",3837.9,3740.5,3937.3,""
2018,"Male","20 to 24","E92000001","England","C00-C97","All malignant cancers",84,"Age-specific",4.7,3.7,5.8,""
2018,"Male","25 to 29","E92000001","England","C00-C97","All malignant cancers",97,"Age-specific",5,4.1,6.1,""
2018,"Male","30 to 34","E92000001","England","C00-C97","All malignant cancers",166,"Age-specific",8.8,7.5,10.2,""
2018,"Male","35 to 39","E92000001","England","C00-C97","All malignant cancers",336,"Age-specific",18.2,16.3,20.3,""
2018,"Male","40 to 44","E92000001","England","C00-C97","All malignant cancers",483,"Age-specific",28.6,26.1,31.3,""
2018,"Male","45 to 49","E92000001","England","C00-C97","All malignant cancers",1094,"Age-specific",58.2,54.8,61.8,""
2018,"Male","50 to 54","E92000001","England","C00-C97","All malignant cancers",2196,"Age-specific",113.7,109,118.6,""
2018,"Male","55 to 59","E92000001","England","C00-C97","All malignant cancers",3617,"Age-specific",205.1,198.5,211.9,""
2018,"Male","60 to 64","E92000001","England","C00-C97","All malignant cancers",5382,"Age-specific",360.4,350.9,370.2,""
2018,"Male","65 to 69","E92000001","England","C00-C97","All malignant cancers",8347,"Age-specific",611,598,624.2,""
2018,"Male","70 to 74","E92000001","England","C00-C97","All malignant cancers",11679,"Age-specific",895.1,879,911.5,""
2018,"Male","75 to 79","E92000001","England","C00-C97","All malignant cancers",11964,"Age-specific",1388.3,1363.5,1413.4,""
2018,"Male","80 to 84","E92000001","England","C00-C97","All malignant cancers",12063,"Age-specific",1955.5,1920.8,1990.7,""
2018,"Male","85 to 89","E92000001","England","C00-C97","All malignant cancers",9690,"Age-specific",2838.4,2782.2,2895.5,""
2018,"Male","90 and over","E92000001","England","C00-C97","All malignant cancers",5979,"Age-specific",3789.3,3693.8,3886.6,""
2019,"Male","20 to 24","E92000001","England","C00-C97","All malignant cancers",75,"Age-specific",4.2,3.3,5.2,""
2019,"Male","25 to 29","E92000001","England","C00-C97","All malignant cancers",112,"Age-specific",5.8,4.8,7,""
2019,"Male","30 to 34","E92000001","England","C00-C97","All malignant cancers",197,"Age-specific",10.4,9,11.9,""
2019,"Male","35 to 39","E92000001","England","C00-C97","All malignant cancers",335,"Age-specific",18.1,16.2,20.2,""
2019,"Male","40 to 44","E92000001","England","C00-C97","All malignant cancers",487,"Age-specific",28.6,26.2,31.3,""
2019,"Male","45 to 49","E92000001","England","C00-C97","All malignant cancers",997,"Age-specific",54.2,50.9,57.7,""
2019,"Male","50 to 54","E92000001","England","C00-C97","All malignant cancers",2118,"Age-specific",109.9,105.3,114.7,""
2019,"Male","55 to 59","E92000001","England","C00-C97","All malignant cancers",3544,"Age-specific",195.8,189.4,202.4,""
2019,"Male","60 to 64","E92000001","England","C00-C97","All malignant cancers",5380,"Age-specific",352.3,342.9,361.8,""
2019,"Male","65 to 69","E92000001","England","C00-C97","All malignant cancers",8039,"Age-specific",594.2,581.3,607.4,""
2019,"Male","70 to 74","E92000001","England","C00-C97","All malignant cancers",11786,"Age-specific",886.1,870.1,902.2,""
2019,"Male","75 to 79","E92000001","England","C00-C97","All malignant cancers",12112,"Age-specific",1344.7,1320.9,1368.9,""
2019,"Male","80 to 84","E92000001","England","C00-C97","All malignant cancers",12476,"Age-specific",1963.3,1929,1998.1,""
2019,"Male","85 to 89","E92000001","England","C00-C97","All malignant cancers",9824,"Age-specific",2800.1,2745,2856,""
2019,"Male","90 and over","E92000001","England","C00-C97","All malignant cancers",6166,"Age-specific",3709.2,3617.2,3803,""
2020,"Male","20 to 24","E92000001","England","C00-C97","All malignant cancers",54,"Age-specific",3,2.3,3.9,""
2020,"Male","25 to 29","E92000001","England","C00-C97","All malignant cancers",87,"Age-specific",4.5,3.6,5.6,""
2020,"Male","30 to 34","E92000001","England","C00-C97","All malignant cancers",172,"Age-specific",9,7.7,10.4,""
2020,"Male","35 to 39","E92000001","England","C00-C97","All malignant cancers",286,"Age-specific",15.4,13.7,17.3,""
2020,"Male","40 to 44","E92000001","England","C00-C97","All malignant cancers",517,"Age-specific",29.9,27.4,32.6,""
2020,"Male","45 to 49","E92000001","England","C00-C97","All malignant cancers",1009,"Age-specific",56,52.6,59.5,""
2020,"Male","50 to 54","E92000001","England","C00-C97","All malignant cancers",2092,"Age-specific",109.5,104.8,114.2,""
2020,"Male","55 to 59","E92000001","England","C00-C97","All malignant cancers",3640,"Age-specific",196.5,190.1,203,""
2020,"Male","60 to 64","E92000001","England","C00-C97","All malignant cancers",5330,"Age-specific",339.8,330.8,349.1,""
2020,"Male","65 to 69","E92000001","England","C00-C97","All malignant cancers",7850,"Age-specific",582.5,569.7,595.5,""
2020,"Male","70 to 74","E92000001","England","C00-C97","All malignant cancers",11768,"Age-specific",875.6,859.9,891.6,""
2020,"Male","75 to 79","E92000001","England","C00-C97","All malignant cancers",12290,"Age-specific",1315.7,1292.6,1339.2,""
2020,"Male","80 to 84","E92000001","England","C00-C97","All malignant cancers",12535,"Age-specific",1958.5,1924.4,1993.1,""
2020,"Male","85 to 89","E92000001","England","C00-C97","All malignant cancers",9857,"Age-specific",2767.4,2713,2822.6,""
2020,"Male","90 and over","E92000001","England","C00-C97","All malignant cancers",6269,"Age-specific",3697.5,3606.5,3790.2,""
